<?xml version="1.0" encoding="UTF-8"?>
<testdata>
	<quantum>
		<fw>Introducing Quantum Framework</fw>
	</quantum>
	<ehome>
		<Rate_Lock_005>
			<dataset>
				<typeOfRate>
					<rate>Fixed</rate>
				</typeOfRate>
				<mortgageTerm>
					<title>What mortgage term are you looking for?</title>
					<term>2 year</term>
				</mortgageTerm>
				<ratePresentation>
					<title>Choose from these online exclusive mortgage offers we have just for you!</title>
					<defaultTerm>2</defaultTerm>
					<term>2 year</term>
				</ratePresentation>
				<lockAndHold>
					<title>Lock &amp; Hold your rate to secure it for 90 days</title>
					<term>2 year closed</term>
					<rate>2.75%</rate>
				</lockAndHold>
			</dataset>
		</Rate_Lock_005>
	</ehome>
</testdata>
