[
  {
    "line": 2,
    "elements": [
      {
        "comments": [
          {
            "line": 7,
            "value": "#\tScenario: Rate_Presentation_013 Verify  Rate and Monthly payment amount for 2 year fixed product in  Rate Presentation Screen"
          },
          {
            "line": 8,
            "value": "#\t\tGiven Customer should login and navigates to Stage 3 - Rate Presentment"
          },
          {
            "line": 9,
            "value": "#\t\tWhen click on radio button Select for the rate type \"Fixed\" component in What type of Rate you are looking for Screen"
          },
          {
            "line": 10,
            "value": "#\t\tThen It should navigate to \"What mortgage term are you looking for?\" screen page"
          },
          {
            "line": 11,
            "value": "#\t\tWhen Click on \"2 year\" in What mortgage term are you looking for screen page"
          },
          {
            "line": 12,
            "value": "#\t\tThen User should navigate to \"Choose from these online exclusive mortgage offers we have just for you!\" rate Presentation screen"
          },
          {
            "line": 13,
            "value": "#\t\tAnd \"2\" years should be highlighted with Rate Monthly payment and select button should be displayed"
          },
          {
            "line": 14,
            "value": "#\t\tWhen click on the select button in \"2 year\" in rate Presentation"
          },
          {
            "line": 15,
            "value": "#\t\tThen User should navigate to \"Lock \u0026 Hold your rate to secure it for 90 days\""
          },
          {
            "line": 17,
            "value": "#\tScenario: Rate_Presentation_014 Verify  Rate and Monthly payment amount for 2 year fixed product in  Rate Presentation Screen"
          },
          {
            "line": 18,
            "value": "#\t\tGiven Customer should login and navigates to Stage 3 - Rate Presentment"
          },
          {
            "line": 19,
            "value": "#\t\tWhen click on radio button Select for the rate type \"Fixed\" component in What type of Rate you are looking for Screen"
          },
          {
            "line": 20,
            "value": "#\t\tThen It should navigate to \"What mortgage term are you looking for?\" screen page"
          },
          {
            "line": 21,
            "value": "#\t\tWhen Click on \"3 year\" in What mortgage term are you looking for screen page"
          },
          {
            "line": 22,
            "value": "#\t\tThen User should navigate to \"Choose from these online exclusive mortgage offers we have just for you!\" rate Presentation screen"
          },
          {
            "line": 23,
            "value": "#\t\tAnd \"3\" years should be highlighted with Rate Monthly payment and select button should be displayed"
          },
          {
            "line": 24,
            "value": "#\t\tWhen click on the select button in \"3 year\" in rate Presentation"
          },
          {
            "line": 25,
            "value": "#\t\tThen User should navigate to \"Lock \u0026 Hold your rate to secure it for 90 days\""
          }
        ],
        "line": 27,
        "name": "Rate_Presentation_007 Verify  Loan requested amount in  Rate presentation",
        "description": "",
        "id": "user-story-for-loc;rate-presentation-007-verify--loan-requested-amount-in--rate-presentation",
        "type": "scenario",
        "keyword": "Scenario",
        "steps": [
          {
            "result": {
              "status": "undefined"
            },
            "line": 28,
            "name": "Customer should login and navigates to Rate Presentation by selecting \"fixed\"",
            "match": {},
            "keyword": "Given "
          },
          {
            "result": {
              "status": "undefined"
            },
            "line": 29,
            "name": "Verify Loan requested \"Loan requested:\" on Rate presentation Screen",
            "match": {},
            "keyword": "When "
          },
          {
            "result": {
              "status": "undefined"
            },
            "comments": [
              {
                "line": 30,
                "value": "#Then Loan requested amount \"$721,700\" should be purchase price - Downpayment for the Low ratio application"
              }
            ],
            "line": 31,
            "name": "verify \u0027Loan requested amount\u0027 on screen \u0027Rate presentation Screen\u0027",
            "match": {},
            "keyword": "Then "
          },
          {
            "result": {
              "status": "undefined"
            },
            "line": 32,
            "name": "Customer should login and navigates to Rate Presentation by selecting \"variable\"",
            "match": {},
            "keyword": "Given "
          },
          {
            "result": {
              "status": "undefined"
            },
            "line": 33,
            "name": "Verify Loan requested \"Loan requested:\" on Rate presentation Screen",
            "match": {},
            "keyword": "When "
          },
          {
            "result": {
              "status": "undefined"
            },
            "line": 34,
            "name": "Loan requested amount \"$721,700\" should be purchase price - Downpayment for the Low ratio application",
            "match": {},
            "keyword": "Then "
          }
        ]
      }
    ],
    "name": "User Story for LOC",
    "description": "",
    "id": "user-story-for-loc",
    "keyword": "Feature",
    "uri": "src/main/resources/scenarios/ui/debug.feature",
    "tags": [
      {
        "line": 1,
        "name": "@debug"
      }
    ]
  }
]