<!DOCTYPE suite SYSTEM "http://testng.org/testng-1.0.dtd">
<suite name="Web Demo Suite" verbose="0" parallel="tests" thread-count="1">
    <listeners>
        <listener class-name="com.quantum.java.pages.ScotiaQuantumReportListener"/>
    </listeners>
	<parameter name="step.provider.pkg" value="com.scotiabank.ehome.ui.steps"></parameter>
    <parameter name="env.baseurl" value="https://ehome-ui-app-ist.apps.stg.azr-cc-pcf.cloud.bns/new-home?id=2"></parameter>
    <test name="FireFox Test" enabled="true">
        <!-- <parameter name="driver.capabilities.browserName" value="ie"></parameter> -->
        <parameter name="driver.capabilities.platformName" value="Windows"></parameter>
        <parameter name="driver.name" value="firefoxDriver"></parameter>
        <parameter name="system.webdriver.gecko.driver" value="./drivers/geko/0.19/geckodriver.exe"></parameter>
        <groups>
            <run>
                <include name="@debug" />
            </run>
        </groups>
        <classes>
            <class
                    name="com.qmetry.qaf.automation.step.client.gherkin.GherkinScenarioFactory" />
        </classes>
    </test>
    <test name="Chrome Test" enabled="true">
        <!-- <parameter name="driver.capabilities.browserName" value="chrome"></parameter>  --> 
        <parameter name="driver.capabilities.platformName" value="Windows"></parameter>
        <parameter name="driver.name" value="chromedriver"></parameter>
        <parameter name="webdriver.chrome.driver" value="./drivers/chrome/2.40/chromedriver.exe"></parameter>
        <groups>
            <run>
                 
                <include name="@debug" />
                <!-- <include name="@Web" />  -->
                 
            </run>
        </groups>
        <classes>
            <class
                    name="com.qmetry.qaf.automation.step.client.gherkin.GherkinScenarioFactory" />
        </classes>
    </test>
    <test name="IE Test" enabled="true">
        <!-- <parameter name="driver.capabilities.browserName" value="ie"></parameter> -->
        <parameter name="driver.capabilities.platformName" value="Windows"></parameter>
        <parameter name="driver.name" value="iExplorerDriver"></parameter>
        <parameter name="system.webdriver.ie.driver" value="./drivers/ie/2.53.1/IEDriverServer.exe"></parameter>
        <groups>
            <run>
                <include name="@debug" />
            </run>
        </groups>
        <classes>
            <class
                    name="com.qmetry.qaf.automation.step.client.gherkin.GherkinScenarioFactory" />
        </classes>
    </test>
    <parameter name="extentx.reportname" value="FireFoxTest"></parameter>
    
    
</suite>
