<!DOCTYPE suite SYSTEM "http://testng.org/testng-1.0.dtd">
<!-- <suite name="eHome Suite" verbose="0" parallel="tests" thread-count="100"> -->
<suite name="eHome Suite" verbose="0" parallel="tests" thread-count="1">
    <listeners>
        <listener class-name="com.quantum.java.pages.ScotiaQuantumReportListener"/>
    </listeners>
    <!-- US Region URLs -->
    <!-- 	<parameter name="env.baseurl" value="https://ehome-api-zuul-gateway-ist.apps.stg.azr-use2-pcf.cloud.bns/rate?id=24"></parameter> -->
    <!--     <parameter name="env.baseurl1" value="https://ehome-api-zuul-gateway-ist.apps.stg.azr-use2-pcf.cloud.bns/new-home-section-breaker?id=24"></parameter> -->
    <!-- 	<parameter name="env.baseurl2" value="https://ehome-api-zuul-gateway-ist.apps.stg.azr-use2-pcf.cloud.bns/employment-section-breaker?id=24"></parameter> -->
    <!-- 	<parameter name="env.baseurl0" value="https://ehome-api-zuul-gateway-ist.apps.stg.azr-use2-pcf.cloud.bns/welcome?id=24"></parameter> -->
    <!-- CC Region URLs -->
    <parameter name="env.baseurl" value="https://ehome-api-zuul-gateway-ist.apps.stg.azr-use2-pcf.cloud.bns/rate?id=24"></parameter>
    <parameter name="env.baseurl1" value="https://ehome-api-zuul-gateway-ist.apps.stg.azr-use2-pcf.cloud.bns/new-home-section-breaker?id=25"></parameter>
    <parameter name="env.baseurl2" value="https://ehome-api-zuul-gateway-ist.apps.stg.azr-use2-pcf.cloud.bns/employment-section-breaker?id=24"></parameter>
    <parameter name="env.baseurl0" value="https://ehome-api-zuul-gateway-ist.apps.stg.azr-use2-pcf.cloud.bns/welcome?id=24"></parameter>
    <parameter name="env.baseurl3" value="https://ehome-api-zuul-gateway-ist.apps.stg.azr-use2-pcf.cloud.bns/employment-co-app-intro?id=24"></parameter>
	<!-- USE2 URL for HUB -->
	<parameter name="env.baseurl4" value="https://ehome-api-zuul-gateway-ist.apps.stg.azr-use2-pcf.cloud.bns/hub"></parameter>
		
    <parameter name="step.provider.pkg" value="com.scotiabank.ehome.ui.steps"></parameter>
    <!--<parameter name="xray.issue.keys" value="EH-2584"></parameter>-->

    <test name="Sprint-014-FireFoxTest-Functional" enabled="false">
        <parameter name="driver.capabilities.platformName" value="Windows"></parameter>
        <!-- 		<parameter name="driver.additional.capabilities" value='{"proxy":{"proxyType":"MANUAL","httpProxy":"http://gateway.bns:8000 &lt;http://gateway.bns:8000/&gt; ","sslProxy":"http://gateway.bns:8000 &lt;http://gateway.bns:8000/&gt; ","ftpProxy":"http://gateway.bns:8000 &lt;http://gateway.bns:8000/&gt; ","noProxy":""},"enableVNC":true}'></parameter> -->
        <!--        <parameter name="firefox.additional.capabilities" value='{"proxy":{"proxyType":"MANUAL","httpProxy":"http://gateway.bns:8000 &lt;http://gateway.bns:8000/&gt; ","sslProxy":"http://gateway.bns:8000 &lt;http://gateway.bns:8000/&gt; ","ftpProxy":"http://gateway.bns:8000 &lt;http://gateway.bns:8000/&gt; ","noProxy":""},"enableVNC":true}'></parameter> -->
        <parameter name="driver.name" value="firefoxDriver"></parameter>
        <parameter name="system.webdriver.gecko.driver" value="./drivers/geko/0.19/geckodriver.exe"></parameter>
        <groups>
            <run>
                <include name="@unEmployedOtherIncomeSourcesDetails" />
            </run>
        </groups>
        <classes>
            <!--<class
                    name="com.qmetry.qaf.automation.step.client.gherkin.GherkinScenarioFactory" />-->
            <class
                    name="com.quantum.utility.ScotiaGherkinScenarioFactory" />
        </classes>
    </test>

    <test name="Sprint-014-FireFoxTest-Regression" enabled="false">
        <parameter name="remote.server" value="172.26.142.147"></parameter>
        <parameter name="remote.port" value="4444"></parameter>
        <parameter name="driver.name" value="firefoxRemoteDriver"></parameter>
        <parameter name="driver.capabilities.platformName" value="Windows"></parameter>
        <parameter name="firefox.capabilities.version" value="63"></parameter>
        <parameter name="firefox.additional.capabilities" value='{"proxy":{"proxyType":"MANUAL","httpProxy":"gateway.bns:8000"},"acceptInsecureCerts":true,"acceptSslCerts":true}'></parameter>
        <groups>
            <run>
                <include name="@Regression" />
            </run>
        </groups>
        <classes>
            <!--<class
                    name="com.qmetry.qaf.automation.step.client.gherkin.GherkinScenarioFactory" />-->
            <class
                    name="com.quantum.utility.ScotiaGherkinScenarioFactory" />
        </classes>
    </test>

    <test name="Sprint-014-ChromeTest-Functional" enabled="false">
        <!-- <parameter name="driver.capabilities.browserName" value="chrome"></parameter>
        <parameter name="driver.capabilities.platformName" value="Windows"></parameter> -->
        <parameter name="driver.capabilities.platformName" value="Windows"></parameter>
        <parameter name="chrome.additional.capabilities" value='{"proxy":{"proxyType":"MANUAL","httpProxy":"http://gateway.bns:8000 &lt;http://gateway.bns:8000/&gt; ","sslProxy":"http://gateway.bns:8000 &lt;http://gateway.bns:8000/&gt; ","ftpProxy":"http://gateway.bns:8000 &lt;http://gateway.bns:8000/&gt; ","noProxy":""},"enableVNC":true}'></parameter>
        <parameter name="driver.name" value="chromedriver"></parameter>
        <parameter name="webdriver.chrome.driver" value="./drivers/chrome/2.40/chromedriver.exe"></parameter>
        <groups>
            <run>
                <include name="@sprint014" />
            </run>
        </groups>
        <classes>
            <!--<class
                    name="com.qmetry.qaf.automation.step.client.gherkin.GherkinScenarioFactory" />-->
            <class
                    name="com.quantum.utility.ScotiaGherkinScenarioFactory" />
        </classes>
    </test>
    <test name="Sprint-014-ChromeTest-Sanity(L1)" enabled="false">
        <!-- <parameter name="driver.capabilities.browserName" value="chrome"></parameter>-->
        <parameter name="remote.server" value="172.26.142.147"></parameter>
        <parameter name="remote.port" value="4444"></parameter>
        <parameter name="driver.name" value="chromeRemoteDriver"></parameter>
        <parameter name="driver.capabilities.platformName" value="Windows"></parameter>
        <parameter name="chrome.capabilities.version" value="70"></parameter>
        <parameter name="chrome.additional.capabilities" value='{"proxy":{"proxyType":"MANUAL","httpProxy":"gateway.bns:8000"},"acceptInsecureCerts":true,"acceptSslCerts":true}'></parameter>
        <groups>
            <run>
                <include name="@L1"/>
            </run>
        </groups>
        <classes>
            <!--<class
                    name="com.qmetry.qaf.automation.step.client.gherkin.GherkinScenarioFactory" />-->
            <class
                    name="com.quantum.utility.ScotiaGherkinScenarioFactory" />
        </classes>
    </test>
    <test name="Sprint-014-iPhone8PlusSafari-Functional" enabled="false">
        <!-- <parameter name="driver.capabilities.browserName" value="chrome"></parameter>
        <parameter name="driver.capabilities.platformName" value="ios"></parameter> -->
        <!--         <parameter name="remote.server" value="https://scotia-toronto.perfectomobile.com/nexperience/perfectomobile/wd/hub"></parameter> -->
        <parameter name="remote.server" value="https://scotia-toronto.onsite.perfectomobile.com/nexperience/perfectomobile/wd/hub"></parameter>
        <parameter name="perfecto.additional.capabilities" value='{"proxy":{"proxyType":"MANUAL","httpProxy":"http://gateway.bns:8000 &lt;http://gateway.bns:8000/&gt; ","sslProxy":"http://gateway.bns:8000 &lt;http://gateway.bns:8000/&gt; ","ftpProxy":"http://gateway.bns:8000 &lt;http://gateway.bns:8000/&gt; ","noProxy":""},"enableVNC":true}'></parameter>
        <parameter name="driver.name" value="perfectoRemoteDriver"></parameter>
        <parameter name="driver.pluginType" value="eclipse"></parameter>
        <parameter name="https.accept.all.cert" value="true"></parameter>
        <parameter name="step.provider.pkg" value="com.scotiabank.ehome.ui.steps"></parameter>
        <parameter name="wd.command.listeners" value="com.quantum.listeners.PerfectoDriverListener"></parameter>
        <parameter name="perfecto.capabilities.user" value="hk00527757@techmahindra.com"></parameter>
        <parameter name="perfecto.capabilities.password" value="Welcome1"></parameter>
        <parameter name="perfecto.capabilities.automationName" value="Appium"></parameter>
        <parameter name="perfecto.capabilities.browserName" value="MobileOS"></parameter>
        <parameter name="driver.capabilities.platformName" value="ios"></parameter>
        <parameter name="driver.capabilities.deviceName" value="6C4B02F410109819AFF5BE99371F36F42ADEA7D1"></parameter>
        <parameter name="selenium.success.screenshots" value="1"></parameter>
        <groups>
            <run>
                <include name="@sprint014" />
            </run>
        </groups>
        <classes>
            <!--<class
                    name="com.qmetry.qaf.automation.step.client.gherkin.GherkinScenarioFactory" />-->
            <class
                    name="com.quantum.utility.ScotiaGherkinScenarioFactory" />
        </classes>
    </test>
    <test name="Sprint-014-iPhone8PlusSafari-Regression" enabled="false">
        <!-- <parameter name="driver.capabilities.browserName" value="chrome"></parameter>
        <parameter name="driver.capabilities.platformName" value="ios"></parameter> -->
        <!--         <parameter name="remote.server" value="https://scotia-toronto.perfectomobile.com/nexperience/perfectomobile/wd/hub"></parameter> -->
        <parameter name="remote.server" value="https://scotia-toronto.onsite.perfectomobile.com/nexperience/perfectomobile/wd/hub"></parameter>
        <parameter name="perfecto.additional.capabilities" value='{"proxy":{"proxyType":"MANUAL","httpProxy":"http://gateway.bns:8000 &lt;http://gateway.bns:8000/&gt; ","sslProxy":"http://gateway.bns:8000 &lt;http://gateway.bns:8000/&gt; ","ftpProxy":"http://gateway.bns:8000 &lt;http://gateway.bns:8000/&gt; ","noProxy":""},"enableVNC":true}'></parameter>
        <parameter name="driver.name" value="perfectoRemoteDriver"></parameter>
        <parameter name="driver.pluginType" value="eclipse"></parameter>
        <parameter name="https.accept.all.cert" value="true"></parameter>
        <parameter name="step.provider.pkg" value="com.scotiabank.ehome.ui.steps"></parameter>
        <parameter name="wd.command.listeners" value="com.quantum.listeners.PerfectoDriverListener"></parameter>
        <parameter name="perfecto.capabilities.user" value="hk00527757@techmahindra.com"></parameter>
        <parameter name="perfecto.capabilities.password" value="Welcome1"></parameter>
        <parameter name="perfecto.capabilities.automationName" value="Appium"></parameter>
        <parameter name="perfecto.capabilities.browserName" value="MobileOS"></parameter>
        <parameter name="driver.capabilities.platformName" value="ios"></parameter>
        <parameter name="driver.capabilities.deviceName" value="6C4B02F410109819AFF5BE99371F36F42ADEA7D1"></parameter>
        <parameter name="selenium.success.screenshots" value="1"></parameter>
        <groups>
            <run>
                <include name="@Regression" />
            </run>
        </groups>
        <classes>
            <!--<class
                    name="com.qmetry.qaf.automation.step.client.gherkin.GherkinScenarioFactory" />-->
            <class
                    name="com.quantum.utility.ScotiaGherkinScenarioFactory" />
        </classes>
    </test>
    <test name="Sprint-014-iPadMin3-Functional" enabled="false">
        <!-- <parameter name="driver.capabilities.browserName" value="chrome"></parameter>
        <parameter name="driver.capabilities.platformName" value="ios"></parameter> -->
        <!--         <parameter name="remote.server" value="https://scotia-toronto.perfectomobile.com/nexperience/perfectomobile/wd/hub"></parameter> -->
        <parameter name="remote.server" value="https://scotia-toronto.onsite.perfectomobile.com/nexperience/perfectomobile/wd/hub"></parameter>
        <parameter name="perfecto.additional.capabilities" value='{"proxy":{"proxyType":"MANUAL","httpProxy":"http://gateway.bns:8000 &lt;http://gateway.bns:8000/&gt; ","sslProxy":"http://gateway.bns:8000 &lt;http://gateway.bns:8000/&gt; ","ftpProxy":"http://gateway.bns:8000 &lt;http://gateway.bns:8000/&gt; ","noProxy":""},"enableVNC":true}'></parameter>
        <parameter name="driver.name" value="perfectoRemoteDriver"></parameter>
        <parameter name="driver.pluginType" value="eclipse"></parameter>
        <parameter name="https.accept.all.cert" value="true"></parameter>
        <parameter name="step.provider.pkg" value="com.scotiabank.ehome.ui.steps"></parameter>
        <parameter name="wd.command.listeners" value="com.quantum.listeners.PerfectoDriverListener"></parameter>
        <parameter name="perfecto.capabilities.user" value="hk00527757@techmahindra.com"></parameter>
        <parameter name="perfecto.capabilities.password" value="Welcome1"></parameter>
        <parameter name="perfecto.capabilities.automationName" value="Appium"></parameter>
        <parameter name="perfecto.capabilities.browserName" value="MobileOS"></parameter>
        <parameter name="driver.capabilities.platformName" value="ios"></parameter>
        <parameter name="driver.capabilities.deviceName" value="CCEA23121716CE3A137BB32D0D81545879FDCE08"></parameter>
        <parameter name="selenium.success.screenshots" value="1"></parameter>
        <groups>
            <run>
                <include name="@sprint014" />
            </run>
        </groups>
        <classes>
            <!--<class
                    name="com.qmetry.qaf.automation.step.client.gherkin.GherkinScenarioFactory" />-->
            <class
                    name="com.quantum.utility.ScotiaGherkinScenarioFactory" />
        </classes>
    </test>
    <test name="Sprint-014-iPadMin3-Regression" enabled="false">
        <!-- <parameter name="driver.capabilities.browserName" value="chrome"></parameter>
        <parameter name="driver.capabilities.platformName" value="ios"></parameter> -->
        <!--         <parameter name="remote.server" value="https://scotia-toronto.perfectomobile.com/nexperience/perfectomobile/wd/hub"></parameter> -->
        <parameter name="remote.server" value="https://scotia-toronto.onsite.perfectomobile.com/nexperience/perfectomobile/wd/hub"></parameter>
        <parameter name="perfecto.additional.capabilities" value='{"proxy":{"proxyType":"MANUAL","httpProxy":"http://gateway.bns:8000 &lt;http://gateway.bns:8000/&gt; ","sslProxy":"http://gateway.bns:8000 &lt;http://gateway.bns:8000/&gt; ","ftpProxy":"http://gateway.bns:8000 &lt;http://gateway.bns:8000/&gt; ","noProxy":""},"enableVNC":true}'></parameter>
        <parameter name="driver.name" value="perfectoRemoteDriver"></parameter>
        <parameter name="driver.pluginType" value="eclipse"></parameter>
        <parameter name="https.accept.all.cert" value="true"></parameter>
        <parameter name="step.provider.pkg" value="com.scotiabank.ehome.ui.steps"></parameter>
        <parameter name="wd.command.listeners" value="com.quantum.listeners.PerfectoDriverListener"></parameter>
        <parameter name="perfecto.capabilities.user" value="hk00527757@techmahindra.com"></parameter>
        <parameter name="perfecto.capabilities.password" value="Welcome1"></parameter>
        <parameter name="perfecto.capabilities.automationName" value="Appium"></parameter>
        <parameter name="perfecto.capabilities.browserName" value="MobileOS"></parameter>
        <parameter name="driver.capabilities.platformName" value="ios"></parameter>
        <parameter name="driver.capabilities.deviceName" value="CCEA23121716CE3A137BB32D0D81545879FDCE08"></parameter>
        <parameter name="selenium.success.screenshots" value="1"></parameter>
        <groups>
            <run>
                <include name="@Regression" />
            </run>
        </groups>
        <classes>
            <!--<class
                    name="com.qmetry.qaf.automation.step.client.gherkin.GherkinScenarioFactory" />-->
            <class
                    name="com.quantum.utility.ScotiaGherkinScenarioFactory" />
        </classes>
    </test>
    <test name="Sprint-014-SamSungGalaxyS8-Functional" enabled="true">
        <parameter name="remote.server" value="https://scotia-toronto.onsite.perfectomobile.com/nexperience/perfectomobile/wd/hub"></parameter>
        <parameter name="perfecto.additional.capabilities" value='{"proxy":{"proxyType":"MANUAL","httpProxy":"http://gateway.bns:8000 &lt;http://gateway.bns:8000/&gt; ","sslProxy":"http://gateway.bns:8000 &lt;http://gateway.bns:8000/&gt; ","ftpProxy":"http://gateway.bns:8000 &lt;http://gateway.bns:8000/&gt; ","noProxy":""},"enableVNC":true}'></parameter>
        <parameter name="driver.name" value="perfectoRemoteDriver"></parameter>
<!--         <parameter name="driver.pluginType" value="eclipse"></parameter> -->
        <parameter name="https.accept.all.cert" value="true"></parameter>
        <parameter name="step.provider.pkg" value="com.scotiabank.ehome.ui.steps"></parameter>
        <parameter name="wd.command.listeners" value="com.quantum.listeners.PerfectoDriverListener"></parameter>
        <parameter name="perfecto.capabilities.user" value="hk00527757@techmahindra.com"></parameter>
        <parameter name="perfecto.capabilities.password" value="Welcome1"></parameter>
        <parameter name="perfecto.capabilities.automationName" value="Appium"></parameter>
        <parameter name="driver.capabilities.browserName" value="chrome"></parameter>
        <!--         <parameter name="perfecto.capabilities.browserName" value="MobileOS"></parameter> -->
        <parameter name="driver.capabilities.platformName" value="android"></parameter>
        <parameter name="driver.capabilities.deviceName" value="988D554558534A4D45"></parameter>
        <parameter name="selenium.success.screenshots" value="1"></parameter>
        <groups>
            <run>
                <include name="@L1" />
            </run>
        </groups>
        <classes>
            <!--<class
                    name="com.qmetry.qaf.automation.step.client.gherkin.GherkinScenarioFactory" />-->
            <class
                    name="com.quantum.utility.ScotiaGherkinScenarioFactory" />
        </classes>
    </test>
    <test name="Sprint-014-SamSungGalaxyS8-Regression" enabled="false">
        <parameter name="remote.server" value="https://scotia-toronto.onsite.perfectomobile.com/nexperience/perfectomobile/wd/hub"></parameter>
        <parameter name="perfecto.additional.capabilities" value='{"proxy":{"proxyType":"MANUAL","httpProxy":"http://gateway.bns:8000 &lt;http://gateway.bns:8000/&gt; ","sslProxy":"http://gateway.bns:8000 &lt;http://gateway.bns:8000/&gt; ","ftpProxy":"http://gateway.bns:8000 &lt;http://gateway.bns:8000/&gt; ","noProxy":""},"enableVNC":true}'></parameter>
        <parameter name="driver.name" value="perfectoRemoteDriver"></parameter>
        <parameter name="driver.pluginType" value="eclipse"></parameter>
        <parameter name="https.accept.all.cert" value="true"></parameter>
        <parameter name="step.provider.pkg" value="com.scotiabank.ehome.ui.steps"></parameter>
        <parameter name="wd.command.listeners" value="com.quantum.listeners.PerfectoDriverListener"></parameter>
        <parameter name="perfecto.capabilities.user" value="hk00527757@techmahindra.com"></parameter>
        <parameter name="perfecto.capabilities.password" value="Welcome1"></parameter>
        <parameter name="perfecto.capabilities.automationName" value="Appium"></parameter>
        <parameter name="driver.capabilities.browserName" value="chrome"></parameter>
        <!--         <parameter name="perfecto.capabilities.browserName" value="MobileOS"></parameter> -->
        <parameter name="driver.capabilities.platformName" value="android"></parameter>
        <parameter name="driver.capabilities.deviceName" value="988D554558534A4D45"></parameter>
        <parameter name="selenium.success.screenshots" value="1"></parameter>
        <groups>
            <run>
                <include name="@Regression" />
            </run>
        </groups>
        <classes>
            <!--<class
                    name="com.qmetry.qaf.automation.step.client.gherkin.GherkinScenarioFactory" />-->
            <class
                    name="com.quantum.utility.ScotiaGherkinScenarioFactory" />
        </classes>
    </test>

    <test name="Sprint-014-IETest-Functional" enabled="false">
        <parameter name="driver.capabilities.browserName" value="ie"></parameter>
        <parameter name="driver.capabilities.platformName" value="Windows"></parameter>
        <parameter name="ie.additional.capabilities" value='{"proxy":{"proxyType":"MANUAL","httpProxy":"http://gateway.bns:8000 &lt;http://gateway.bns:8000/&gt; ","sslProxy":"http://gateway.bns:8000 &lt;http://gateway.bns:8000/&gt; ","ftpProxy":"http://gateway.bns:8000 &lt;http://gateway.bns:8000/&gt; ","noProxy":""},"enableVNC":true}'></parameter>
        <parameter name="driver.name" value="iExplorerDriver"></parameter>
        <parameter name="system.webdriver.ie.driver" value="./drivers/ie/2.53.1/IEDriverServer.exe"></parameter>
        <groups>
            <run>
                <include name="@sprint014" />
            </run>
        </groups>
        <classes>
            <!--<class
                    name="com.qmetry.qaf.automation.step.client.gherkin.GherkinScenarioFactory" />-->
            <class
                    name="com.quantum.utility.ScotiaGherkinScenarioFactory" />
        </classes>
    </test>
    <test name="Sprint-014-IETest-Regression" enabled="false">
        <parameter name="remote.server" value="172.26.142.147"></parameter>
        <parameter name="remote.port" value="4444"></parameter>
        <parameter name="driver.name" value="iExplorerRemoteDriver"></parameter>
        <parameter name="driver.capabilities.platformName" value="Windows"></parameter>
        <parameter name="iExplorer.capabilities.version" value="11"></parameter>
        <parameter name="iExplorer.additional.capabilities" value='{"proxy":{"proxyType":"MANUAL","httpProxy":"gateway.bns:8000"},"acceptInsecureCerts":true,"acceptSslCerts":true}'></parameter>
        <groups>
            <run>
                <include name="@Regression" />
            </run>
        </groups>
        <classes>
            <!--<class
                    name="com.qmetry.qaf.automation.step.client.gherkin.GherkinScenarioFactory" />-->
            <class
                    name="com.quantum.utility.ScotiaGherkinScenarioFactory" />
        </classes>
    </test>

</suite>