<!DOCTYPE suite SYSTEM "http://testng.org/testng-1.0.dtd">
<!-- <suite name="eHome Suite" verbose="0" parallel="tests" thread-count="100"> -->
<suite name="eHome Suite" verbose="0" parallel="tests" thread-count="1">
    <listeners>
        <listener class-name="com.quantum.java.pages.ScotiaQuantumReportListener"/>
    </listeners>
    <!-- US Region URLs -->
    <!-- 	<parameter name="env.baseurl" value="https://ehome-api-zuul-gateway-ist.apps.stg.azr-use2-pcf.cloud.bns/hub"></parameter> -->
    <!-- CC Region URLs -->
    <parameter name="env.baseurl" value="https://ehome-api-zuul-gateway-ist.apps.stg.azr-cc-pcf.cloud.bns/hub"></parameter>
    <parameter name="step.provider.pkg" value="com.scotiabank.ehome.ui.steps"></parameter>
    
        
    <test name="Sprint-014-ChromeTest-Regression-L2" enabled="true">
        <!-- <parameter name="driver.capabilities.browserName" value="chrome"></parameter>-->
        <parameter name="remote.server" value="172.26.142.147"></parameter>
        <parameter name="remote.port" value="4444"></parameter>
        <parameter name="driver.name" value="chromeRemoteDriver"></parameter>
        <parameter name="driver.capabilities.platformName" value="Windows"></parameter>
        <parameter name="chrome.capabilities.version" value="70"></parameter>
        <parameter name="chrome.additional.capabilities" value='{"proxy":{"proxyType":"MANUAL","httpProxy":"gateway.bns:8000"},"acceptInsecureCerts":true,"acceptSslCerts":true}'></parameter>
        <groups>
            <run>
                <include name="@L2"/>
            </run>
        </groups>
        <classes>
            <!--<class
                    name="com.qmetry.qaf.automation.step.client.gherkin.GherkinScenarioFactory" />-->
            <class
                    name="com.quantum.utility.ScotiaGherkinScenarioFactory" />
        </classes>
    </test>
    
</suite>