<!DOCTYPE suite SYSTEM "http://testng.org/testng-1.0.dtd">
<suite name="Web Demo Suite" verbose="0" parallel="tests" thread-count="100">
    <listeners>
        <listener class-name="com.quantum.java.pages.ScotiaQuantumReportListener"/>
    </listeners>
    <parameter name="env.baseurl" value="https://ehome-ui-app-ist.apps.stg.azr-cc-pcf.cloud.bns/new-home?id=3"></parameter>
    <test name="Sprint-006-IETest-Functional" enabled="true">
        <!-- <parameter name="driver.capabilities.browserName" value="ie"></parameter> -->
        <parameter name="step.provider.pkg" value="com.scotiabank.ehome.ui.steps"></parameter>
        <parameter name="driver.capabilities.platformName" value="Windows"></parameter>
<!--         <parameter name="chrome.additional.capabilities" value='{"proxy":{"proxyType":"MANUAL","httpProxy":"http://gateway.bns:8000 &lt;http://gateway.bns:8000/&gt; ","sslProxy":"http://gateway.bns:8000 &lt;http://gateway.bns:8000/&gt; ","ftpProxy":"http://gateway.bns:8000 &lt;http://gateway.bns:8000/&gt; ","noProxy":""},"enableVNC":true}'></parameter> -->
        <parameter name="driver.name" value="chromedriver"></parameter>
        <parameter name="webdriver.chrome.driver" value="./drivers/chrome/2.40/chromedriver.exe"></parameter>
        <groups>
            <run>
                <include name="@debug" />
            </run>
        </groups>
        <classes>
            <class
                    name="com.qmetry.qaf.automation.step.client.gherkin.GherkinScenarioFactory" />
        </classes>
    </test>

</suite>
