<!DOCTYPE suite SYSTEM "http://testng.org/testng-1.0.dtd">
<suite name="Web Demo Suite" verbose="0" parallel="tests" thread-count="100">
    <listeners>
        <listener class-name="com.quantum.java.pages.ScotiaQuantumReportListener"/>
    </listeners>
	<parameter name="step.provider.pkg" value="com.scotiabank.ehome.ui.steps"></parameter>
    <parameter name="env.baseurl" value="https://ehome-api-zuul-gateway-ist.apps.stg.azr-use2-pcf.cloud.bns/rate?id=24"></parameter>
    <parameter name="env.baseurl1" value="https://ehome-api-zuul-gateway-ist.apps.stg.azr-use2-pcf.cloud.bns/new-home-section-breaker?id=25"></parameter>
    <parameter name="env.baseurl2" value="https://ehome-api-zuul-gateway-ist.apps.stg.azr-use2-pcf.cloud.bns/employment-section-breaker?id=24"></parameter>
    <parameter name="env.baseurl0" value="https://ehome-api-zuul-gateway-ist.apps.stg.azr-use2-pcf.cloud.bns/welcome?id=24"></parameter>
    <test name="Sprint-007-iPhone8PlusSafari-Functional-6C4B02F410109819AFF5BE99371F36F42ADEA7D1" enabled="true">
        <!-- <parameter name="driver.capabilities.browserName" value="chrome"></parameter>
        <parameter name="driver.capabilities.platformName" value="ios"></parameter> -->
<!--         <parameter name="remote.server" value="https://scotia-toronto.perfectomobile.com/nexperience/perfectomobile/wd/hub"></parameter> -->
        <parameter name="remote.server" value="https://scotia-toronto.onsite.perfectomobile.com/nexperience/perfectomobile/wd/hub"></parameter>
        <parameter name="perfecto.additional.capabilities" value='{"proxy":{"proxyType":"MANUAL","httpProxy":"http://gateway.bns:8000","sslProxy":"http://gateway.bns:8000","ftpProxy":"http://gateway.bns:8000","noProxy":""},"enableVNC":true}'></parameter>
        <parameter name="driver.name" value="perfectoRemoteDriver"></parameter>
        <parameter name="driver.pluginType" value="eclipse"></parameter>
        <parameter name="https.accept.all.cert" value="true"></parameter>
        <parameter name="wd.command.listeners" value="com.quantum.listeners.PerfectoDriverListener"></parameter>
        <parameter name="perfecto.capabilities.user" value="hk00527757@techmahindra.com"></parameter>
        <parameter name="perfecto.capabilities.password" value="Welcome1"></parameter>
        <parameter name="perfecto.capabilities.automationName" value="Appium"></parameter>
        <parameter name="perfecto.capabilities.browserName" value="MobileOS"></parameter>
        <parameter name="driver.capabilities.platformName" value="ios"></parameter>
<!--         <parameter name="driver.capabilities.platformName" value="android"></parameter> -->
        <parameter name="driver.capabilities.deviceName" value="951C3F0ECF07DE12930C5A8D675CF95CD9C36B4E"></parameter>
		<parameter name="selenium.success.screenshots" value="1"></parameter>
        <groups>
            <run>
                <include name="@debug" />
            </run>
        </groups>
        <classes>
            <class
                    name="com.qmetry.qaf.automation.step.client.gherkin.GherkinScenarioFactory" />
        </classes>
    </test>
    
  	
</suite>
