<!DOCTYPE suite SYSTEM "http://testng.org/testng-1.0.dtd">
<suite name="Web Demo Suite" verbose="0" parallel="tests" thread-count="100">
    <listeners>
        <listener class-name="com.quantum.java.pages.ScotiaQuantumReportListener"/>
    </listeners>

    <test name="Demo Test" enabled="true">
        <!-- <parameter name="driver.capabilities.browserName" value="chrome"></parameter>
        <parameter name="driver.capabilities.platformName" value="Windows"></parameter> -->
        <parameter name="step.provider.pkg" value="com.scotiabank.ehome.ui.steps"></parameter>
        <parameter name="driver.capabilities.platformName" value="Windows"></parameter>
        <parameter name="driver.name" value="chromedriver"></parameter>
        <parameter name="webdriver.chrome.driver" value="./drivers/chrome/2.40/chromedriver.exe"></parameter>
        <parameter name="env.baseurl" value="https://ehome-ui.apps.stg.azr-use2-pcf.cloud.bns/"></parameter>
        <groups>
            <run>
                <include name="@WhatTypeOfRate" />
            </run>
        </groups>
        <classes>
            <class
                    name="com.qmetry.qaf.automation.step.client.gherkin.GherkinScenarioFactory" />
        </classes>
    </test>

</suite>
