<!DOCTYPE suite SYSTEM "http://testng.org/testng-1.0.dtd">
<suite name="Appium Demo Suite" verbose="0" parallel="tests">
    <listeners>
        <listener class-name="com.quantum.listerners.QuantumReportiumListener"/>
    </listeners>

    <!-- To use actual AppiumDriver classes defined    -->
    <!-- by driverClass property in env.resources dirs -->
    <!-- Set driver.name value to perfectoDriver       -->
    <parameter name="driver.name" value="perfectoDriver"/>

    <test name="IOS Calc Test" enabled="true">
        <parameter name="driver.capabilities.model" value="iPhone.*"></parameter>
        <parameter name="env.resources" value="src/main/resources/ios"/>

        <groups>
            <run>
                <include name="@appium"/>
            </run>
        </groups>
        <classes>
            <class name="com.qmetry.qaf.automation.step.client.gherkin.GherkinScenarioFactory"/>
        </classes>
    </test>
    <test name="Android Calc Test" enabled="true">
        <parameter name="driver.capabilities.model" value="Galaxy S.*"></parameter>
        <parameter name="env.resources" value="src/main/resources/android"/>
        <groups>
            <run>
                <include name="@appium"/>
            </run>
        </groups>
        <classes>
            <class name="com.qmetry.qaf.automation.step.client.gherkin.GherkinScenarioFactory"/>
        </classes>
    </test>
</suite>