<!DOCTYPE suite SYSTEM "http://testng.org/testng-1.0.dtd">
<suite name="Web Demo Suite" verbose="0" parallel="tests" thread-count="1">
    <listeners>
        <listener class-name="com.quantum.java.pages.ScotiaQuantumReportListener"/>
    </listeners>
	<!-- US Region URLs -->
		<parameter name="env.baseurl" value="https://ehome-api-zuul-gateway-ist.apps.stg.azr-use2-pcf.cloud.bns/rate?id=24"></parameter>
	    <parameter name="env.baseurl1" value="https://ehome-api-zuul-gateway-ist.apps.stg.azr-use2-pcf.cloud.bns/new-home-section-breaker?id=24"></parameter>
		<parameter name="env.baseurl2" value="https://ehome-api-zuul-gateway-ist.apps.stg.azr-use2-pcf.cloud.bns/employment-section-breaker?id=24"></parameter>
		<parameter name="env.baseurl0" value="https://ehome-api-zuul-gateway-ist.apps.stg.azr-use2-pcf.cloud.bns/welcome?id=24"></parameter>
		<parameter name="env.baseurl3" value="https://ehome-api-zuul-gateway-ist.apps.stg.azr-use2-pcf.cloud.bns/employment-co-app-intro?id=24"></parameter>
		
	<!-- CC Region URLs -->
	<!-- <parameter name="env.baseurl" value="https://ehome-api-zuul-gateway-ist.apps.stg.azr-cc-pcf.cloud.bns/rate?id=27"></parameter>
	<parameter name="env.baseurl1" value="https://ehome-api-zuul-gateway-ist.apps.stg.azr-cc-pcf.cloud.bns/new-home?id=24"></parameter>
   	<parameter name="env.baseurl2" value="https://ehome-api-zuul-gateway-ist.apps.stg.azr-cc-pcf.cloud.bns/employment-section-breaker?id=24"></parameter>
   	<parameter name="env.baseurl0" value="https://ehome-api-zuul-gateway-ist.apps.stg.azr-cc-pcf.cloud.bns/welcome?id=24"></parameter>
	 -->
	<parameter name="step.provider.pkg" value="com.scotiabank.ehome.ui.steps"></parameter>
	
    <test name="eHome-Debug" enabled="true">
        <!-- <parameter name="driver.capabilities.browserName" value="chrome"></parameter>
        <parameter name="driver.capabilities.platformName" value="Windows"></parameter> -->
        
        <!-- ******************Report Server Configuration ********************* -->
        <parameter name="extentx.report.dbserver" value="172.26.142.124"></parameter>
        <parameter name="extentx.report.dbserverport" value="27017"></parameter>
        <parameter name="extentx.report.reportname" value="test-Report"></parameter>
        <parameter name="extentx.report.projectname" value="BF7Q - eHome - sprint-001"></parameter>
        <parameter name="extentx.report.reportserver" value="extentreports.bns"></parameter>
        <parameter name="extentx.report.reportserverport" value="8080"></parameter>
        <parameter name="extentx.report.user" value="Hemant"></parameter>
        <!-- *******************************************************************- -->
        
        <parameter name="driver.capabilities.platformName" value="Windows"></parameter>
        <parameter name="driver.name" value="chromedriver"></parameter>
        <parameter name="webdriver.chrome.driver" value="./drivers/chrome/2.40/chromedriver.exe"></parameter>
        
        <groups>
            <run>
                <include name="@debug" />
              <!--   <include name="@TypeOfRate"></include> -->
            </run>
            
        </groups>
        <classes>
            <class
                    name="com.qmetry.qaf.automation.step.client.gherkin.GherkinScenarioFactory" />
        </classes>
    </test>
       

</suite>
