<!DOCTYPE suite SYSTEM "http://testng.org/testng-1.0.dtd">
<!-- <suite name="eHome Suite" verbose="0" parallel="tests" thread-count="100"> -->
<suite name="eHome Suite" verbose="0" parallel="tests" thread-count="1">
    <listeners>
        <listener class-name="com.quantum.java.pages.ScotiaQuantumReportListener"/>
    </listeners>
	<!-- US Region URLs -->
<!--    <parameter name="env.baseurl" value="https://ehome-ui-app-ist.apps.stg.azr-use2-pcf.cloud.bns/rate"></parameter> -->
<!--    <parameter name="env.baseurl1" value="https://ehome-ui-app-ist.apps.stg.azr-use2-pcf.cloud.bns/new-home-section-breaker"></parameter> -->
<!-- 	<parameter name="env.baseurl2" value="https://ehome-ui-app-ist.apps.stg.azr-cc-pcf.cloud.bns/employment-section-breaker"></parameter> -->
	<!-- CC Region URLs -->
	<parameter name="env.baseurl" value="https://ehome-ui-app-ist.apps.stg.azr-cc-pcf.cloud.bns/new-home?id=3"></parameter>
	<parameter name="env.baseurl1" value="https://ehome-ui-app-ist.apps.stg.azr-cc-pcf.cloud.bns/new-home?id=3"></parameter>
    <parameter name="env.baseurl2" value="https://ehome-ui-app-ist.apps.stg.azr-cc-pcf.cloud.bns/new-home?id=3"></parameter>
	<parameter name="step.provider.pkg" value="com.scotiabank.ehome.ui.steps"></parameter>
	
	<test name="Sprint-006-FireFoxTest-Functional" enabled="true">
        <parameter name="driver.capabilities.platformName" value="Windows"></parameter>
        <parameter name="firefox.additional.capabilities" value='{"proxy":{"proxyType":"MANUAL","httpProxy":"http://gateway.bns:8000 &lt;http://gateway.bns:8000/&gt; ","sslProxy":"http://gateway.bns:8000 &lt;http://gateway.bns:8000/&gt; ","ftpProxy":"http://gateway.bns:8000 &lt;http://gateway.bns:8000/&gt; ","noProxy":""},"enableVNC":true}'></parameter>
        <parameter name="driver.name" value="firefoxDriver"></parameter>
        <parameter name="system.webdriver.gecko.driver" value="./drivers/geko/0.19/geckodriver.exe"></parameter>
        <groups>
            <run>
                <include name="@sprint006" />
<!--                 <include name="@debug" /> -->
            </run>
        </groups>
        <classes>
            <class
                    name="com.qmetry.qaf.automation.step.client.gherkin.GherkinScenarioFactory" />
        </classes>
    </test>
    <test name="Sprint-006-FireFoxTest-Regression" enabled="true">
        <parameter name="driver.capabilities.platformName" value="Windows"></parameter>
        <parameter name="firefox.additional.capabilities" value='{"proxy":{"proxyType":"MANUAL","httpProxy":"http://gateway.bns:8000 &lt;http://gateway.bns:8000/&gt; ","sslProxy":"http://gateway.bns:8000 &lt;http://gateway.bns:8000/&gt; ","ftpProxy":"http://gateway.bns:8000 &lt;http://gateway.bns:8000/&gt; ","noProxy":""},"enableVNC":true}'></parameter>
        <parameter name="driver.name" value="firefoxDriver"></parameter>
        <parameter name="system.webdriver.gecko.driver" value="./drivers/geko/0.19/geckodriver.exe"></parameter>
        <groups>
            <run>
                <include name="@Regression" />
<!--                 <include name="@debug" /> -->
            </run>
        </groups>
        <classes>
            <class
                    name="com.qmetry.qaf.automation.step.client.gherkin.GherkinScenarioFactory" />
        </classes>
    </test>
	        
    <test name="Sprint-006-ChromeTest-Functional" enabled="true">
        <!-- <parameter name="driver.capabilities.browserName" value="chrome"></parameter>
        <parameter name="driver.capabilities.platformName" value="Windows"></parameter> -->
        <parameter name="driver.capabilities.platformName" value="Windows"></parameter>
        <parameter name="chrome.additional.capabilities" value='{"proxy":{"proxyType":"MANUAL","httpProxy":"http://gateway.bns:8000 &lt;http://gateway.bns:8000/&gt; ","sslProxy":"http://gateway.bns:8000 &lt;http://gateway.bns:8000/&gt; ","ftpProxy":"http://gateway.bns:8000 &lt;http://gateway.bns:8000/&gt; ","noProxy":""},"enableVNC":true}'></parameter>
        <parameter name="driver.name" value="chromedriver"></parameter>
        <parameter name="webdriver.chrome.driver" value="./drivers/chrome/2.40/chromedriver.exe"></parameter>
        <groups>
            <run>
                <include name="@sprint006" />
<!--                 <include name="@debug" /> -->
            </run>
        </groups>
        <classes>
            <class
                    name="com.qmetry.qaf.automation.step.client.gherkin.GherkinScenarioFactory" />
        </classes>
    </test>
    <test name="Sprint-006-ChromeTest-Regression" enabled="true">
        <!-- <parameter name="driver.capabilities.browserName" value="chrome"></parameter>
        <parameter name="driver.capabilities.platformName" value="Windows"></parameter> -->
        <parameter name="driver.capabilities.platformName" value="Windows"></parameter>
        <parameter name="chrome.additional.capabilities" value='{"proxy":{"proxyType":"MANUAL","httpProxy":"http://gateway.bns:8000 &lt;http://gateway.bns:8000/&gt; ","sslProxy":"http://gateway.bns:8000 &lt;http://gateway.bns:8000/&gt; ","ftpProxy":"http://gateway.bns:8000 &lt;http://gateway.bns:8000/&gt; ","noProxy":""},"enableVNC":true}'></parameter>
        <parameter name="driver.name" value="chromedriver"></parameter>
        <parameter name="webdriver.chrome.driver" value="./drivers/chrome/2.40/chromedriver.exe"></parameter>
        <groups>
            <run>
                <include name="@Regression" />
<!--                 <include name="@debug" /> -->
            </run>
        </groups>
        <classes>
            <class
                    name="com.qmetry.qaf.automation.step.client.gherkin.GherkinScenarioFactory" />
        </classes>
    </test>
	<test name="Sprint-006-IETest-Functional" enabled="true">
        <!-- <parameter name="driver.capabilities.browserName" value="ie"></parameter> -->
        <parameter name="driver.capabilities.platformName" value="Windows"></parameter>
        <parameter name="ie.additional.capabilities" value='{"proxy":{"proxyType":"MANUAL","httpProxy":"http://gateway.bns:8000 &lt;http://gateway.bns:8000/&gt; ","sslProxy":"http://gateway.bns:8000 &lt;http://gateway.bns:8000/&gt; ","ftpProxy":"http://gateway.bns:8000 &lt;http://gateway.bns:8000/&gt; ","noProxy":""},"enableVNC":true}'></parameter>
        <parameter name="driver.name" value="iExplorerDriver"></parameter>
        <parameter name="system.webdriver.ie.driver" value="./drivers/ie/2.53.1/IEDriverServer.exe"></parameter>
        <groups>
            <run>
                <include name="@sprint006" />
<!-- 					<include name="@debug" /> -->
            </run>
        </groups>
        <classes>
            <class
                    name="com.qmetry.qaf.automation.step.client.gherkin.GherkinScenarioFactory" />
        </classes>
    </test>
	<test name="Sprint-006-IETest-Regression" enabled="true">
        <!-- <parameter name="driver.capabilities.browserName" value="ie"></parameter> -->
        <parameter name="driver.capabilities.platformName" value="Windows"></parameter>
        <parameter name="ie.additional.capabilities" value='{"proxy":{"proxyType":"MANUAL","httpProxy":"http://gateway.bns:8000 &lt;http://gateway.bns:8000/&gt; ","sslProxy":"http://gateway.bns:8000 &lt;http://gateway.bns:8000/&gt; ","ftpProxy":"http://gateway.bns:8000 &lt;http://gateway.bns:8000/&gt; ","noProxy":""},"enableVNC":true}'></parameter>
        <parameter name="driver.name" value="iExplorerDriver"></parameter>
        <parameter name="system.webdriver.ie.driver" value="./drivers/ie/2.53.1/IEDriverServer.exe"></parameter>
        <groups>
            <run>
                <include name="@Regression" />
<!-- 					<include name="@debug" /> -->
            </run>
        </groups>
        <classes>
            <class
                    name="com.qmetry.qaf.automation.step.client.gherkin.GherkinScenarioFactory" />
        </classes>
    </test>
    
</suite>
