<!DOCTYPE suite SYSTEM "http://testng.org/testng-1.0.dtd">
<suite name="Web Demo Suite" verbose="0" parallel="tests" thread-count="100">
    <listeners>
        <listener class-name="com.quantum.java.pages.ScotiaQuantumReportListener"/>
    </listeners>
    <test name="Mozilla Test" enabled="true">
        <!-- <parameter name="driver.capabilities.browserName" value="ie"></parameter> -->
        <parameter name="step.provider.pkg" value="com.scotiabank.ehome.ui.steps"></parameter>
<!--         <parameter name="driver.capabilities.platformName" value="Windows"></parameter> -->
<!--         <parameter name="firefox.additional.capabilities" value='{"proxy":{"proxyType":"MANUAL","httpProxy":"http://gateway.bns:8000 &lt;http://gateway.bns:8000/&gt; ","sslProxy":"http://gateway.bns:8000 &lt;http://gateway.bns:8000/&gt; ","ftpProxy":"http://gateway.bns:8000 &lt;http://gateway.bns:8000/&gt; ","noProxy":""},"enableVNC":true}'></parameter> -->
        <parameter name="driver.name" value="firefoxDriver"></parameter>
<!--         <parameter name="system.webdriver.firefox.marionette" value="./drivers/geko/0.19/geckodriver.exe"></parameter> -->
<!--         <parameter name="firefox.capabilities.marionette" value="true"></parameter> -->
        <parameter name="system.webdriver.gecko.driver" value="./drivers/geko/0.19/geckodriver.exe"></parameter>
        <parameter name="env.baseurl" value="https://ehome-ui-app-ist.apps.stg.azr-cc-pcf.cloud.bns/rate"></parameter>
        <groups>
            <run>
                <include name="@debug" />
            </run>
        </groups>
        <classes>
            <class
                    name="com.qmetry.qaf.automation.step.client.gherkin.GherkinScenarioFactory" />
        </classes>
    </test>

</suite>
