<!DOCTYPE suite SYSTEM "http://testng.org/testng-1.0.dtd">
<suite name="Web Demo Suite" verbose="0" parallel="tests" thread-count="100">
    <listeners>
        <listener class-name="com.quantum.java.pages.ScotiaQuantumReportListener"/>
    </listeners>
	<parameter name="step.provider.pkg" value="com.scotiabank.ehome.ui.steps"></parameter>
    <parameter name="env.baseurl" value="https://ehome-ui-app-ist.apps.stg.azr-cc-pcf.cloud.bns/new-home?id=3"></parameter>
    <test name="Sprint-007-iPhone8PlussSafari-Functional-6284253452F2F8D2D53D9FFD7AF7175FE6D75E43" enabled="true">
        <!-- <parameter name="driver.capabilities.browserName" value="chrome"></parameter>
        <parameter name="driver.capabilities.platformName" value="ios"></parameter> -->
<!--         <parameter name="remote.server" value="https://scotia-toronto.perfectomobile.com/nexperience/perfectomobile/wd/hub"></parameter> -->
        <parameter name="remote.server" value="https://scotia-toronto.onsite.perfectomobile.com/nexperience/perfectomobile/wd/hub"></parameter>
        <parameter name="perfecto.additional.capabilities" value='{"proxy":{"proxyType":"MANUAL","httpProxy":"http://gateway.bns:8000 &lt;http://gateway.bns:8000/&gt; ","sslProxy":"http://gateway.bns:8000 &lt;http://gateway.bns:8000/&gt; ","ftpProxy":"http://gateway.bns:8000 &lt;http://gateway.bns:8000/&gt; ","noProxy":""},"enableVNC":true}'></parameter>
        <parameter name="driver.name" value="perfectoRemoteDriver"></parameter>
        <parameter name="driver.pluginType" value="eclipse"></parameter>
        <parameter name="https.accept.all.cert" value="true"></parameter>
        <parameter name="step.provider.pkg" value="com.scotiabank.ehome.ui.steps"></parameter>
        <parameter name="wd.command.listeners" value="com.quantum.listeners.PerfectoDriverListener"></parameter>
        <parameter name="perfecto.capabilities.user" value="hk00527757@techmahindra.com"></parameter>
        <parameter name="perfecto.capabilities.password" value="Welcome1"></parameter>
        <parameter name="perfecto.capabilities.automationName" value="Appium"></parameter>
        <parameter name="perfecto.capabilities.browserName" value="MobileOS"></parameter>
        <parameter name="driver.capabilities.platformName" value="ios"></parameter>
        <parameter name="driver.capabilities.deviceName" value="6284253452F2F8D2D53D9FFD7AF7175FE6D75E43"></parameter>
		<parameter name="selenium.success.screenshots" value="1"></parameter>
        <groups>
            <run>
                <include name="@debug" />
            </run>
        </groups>
        <classes>
            <class
                    name="com.qmetry.qaf.automation.step.client.gherkin.GherkinScenarioFactory" />
        </classes>
    </test>
    
  	
</suite>
