<!DOCTYPE suite SYSTEM "http://testng.org/testng-1.0.dtd">
<!-- <suite name="eHome Suite" verbose="0" parallel="tests" thread-count="100"> -->
<suite name="eHome Suite" verbose="0" parallel="tests" thread-count="1">
    <listeners>
        <listener class-name="com.quantum.java.pages.ScotiaQuantumReportListener"/>
    </listeners>
	<!-- US Region URLs -->
<!-- 	<parameter name="env.baseurl" value="https://ehome-api-zuul-gateway-ist.apps.stg.azr-use2-pcf.cloud.bns/rate?id=27"></parameter> -->
<!--     <parameter name="env.baseurl1" value="https://ehome-api-zuul-gateway-ist.apps.stg.azr-use2-pcf.cloud.bns/new-home-section-breaker?id=27"></parameter> -->
<!-- 	<parameter name="env.baseurl2" value="https://ehome-api-zuul-gateway-ist.apps.stg.azr-use2-pcf.cloud.bns/employment-section-breaker?id=27"></parameter> -->

	<!-- CC Region URLs -->
	<parameter name="env.baseurl" value="https://ehome-api-zuul-gateway-ist.apps.stg.azr-cc-pcf.cloud.bns/rate?id=27"></parameter>
	<parameter name="env.baseurl1" value="https://ehome-api-zuul-gateway-ist.apps.stg.azr-cc-pcf.cloud.bns/new-home-section-breaker?id=24"></parameter>
   	<parameter name="env.baseurl2" value="https://ehome-api-zuul-gateway-ist.apps.stg.azr-cc-pcf.cloud.bns/employment-section-breaker?id=27"></parameter>
	<parameter name="step.provider.pkg" value="com.scotiabank.ehome.ui.steps"></parameter>
    <!--<parameter name="xray.issue.keys" value="EH-2584"></parameter>-->

    
    <test name="FireFoxTest-Grid" enabled="true">
        <parameter name="remote.server" value="172.26.142.147"></parameter>
        <parameter name="remote.port" value="4444"></parameter>
        <parameter name="driver.name" value="firefoxRemoteDriver"></parameter>
        <parameter name="driver.capabilities.platformName" value="Windows"></parameter>
        <parameter name="firefox.capabilities.version" value="59"></parameter>
        <parameter name="firefox.additional.capabilities" value='{"proxy":{"proxyType":"MANUAL","httpProxy":"gateway.bns:8000"},"acceptInsecureCerts":true,"acceptSslCerts":true}'></parameter>
        <groups>
            <run>
                <include name="@EH-701" />
            </run>
        </groups>
        <classes>
            <!--<class
                    name="com.qmetry.qaf.automation.step.client.gherkin.GherkinScenarioFactory" />-->
            <class
                    name="com.quantum.utility.ScotiaGherkinScenarioFactory" />
        </classes>
    </test>
    <test name="ChromeTest-Grid" enabled="true">
        <!-- <parameter name="driver.capabilities.browserName" value="chrome"></parameter>-->
        <parameter name="remote.server" value="172.26.142.147"></parameter>
        <parameter name="remote.port" value="4444"></parameter>
        <parameter name="driver.name" value="chromeRemoteDriver"></parameter>
        <parameter name="driver.capabilities.platformName" value="Windows"></parameter>
        <parameter name="chrome.capabilities.version" value="66"></parameter>
        <parameter name="chrome.additional.capabilities" value='{"proxy":{"proxyType":"MANUAL","httpProxy":"gateway.bns:8000"},"acceptInsecureCerts":true,"acceptSslCerts":true}'></parameter>
        <groups>
            <run>
                <include name="@EH-705" />
            </run>
        </groups>
        <classes>
            <!--<class
                    name="com.qmetry.qaf.automation.step.client.gherkin.GherkinScenarioFactory" />-->
            <class
                    name="com.quantum.utility.ScotiaGherkinScenarioFactory" />
        </classes>
    </test>
   <test name="IETest-Grid" enabled="true">
        <parameter name="remote.server" value="172.26.142.147"></parameter>
        <parameter name="remote.port" value="4444"></parameter>
        <parameter name="driver.name" value="iExplorerRemoteDriver"></parameter>
        <parameter name="driver.capabilities.platformName" value="Windows"></parameter>
        <parameter name="iExplorer.capabilities.version" value="11"></parameter>
        <parameter name="iExplorer.additional.capabilities" value='{"proxy":{"proxyType":"MANUAL","httpProxy":"gateway.bns:8000"},"acceptInsecureCerts":true,"acceptSslCerts":true}'></parameter>
        <groups>
            <run>
                <include name="@EH-706" />
            </run>
        </groups>
        <classes>
            <!--<class
                    name="com.qmetry.qaf.automation.step.client.gherkin.GherkinScenarioFactory" />-->
            <class
                    name="com.quantum.utility.ScotiaGherkinScenarioFactory" />
        </classes>
    </test>
    <test name="EdgeTest-Grid" enabled="false">
        <parameter name="remote.server" value="172.26.142.147"></parameter>
        <parameter name="remote.port" value="4444"></parameter>
        <parameter name="driver.name" value="XXXXXRemoteDriver"></parameter>
        <parameter name="driver.capabilities.platformName" value="XXXXX"></parameter>
        <parameter name="XXXXX.capabilities.version" value="11"></parameter>
        <parameter name="XXXXX.additional.capabilities" value='{"proxy":{"proxyType":"MANUAL","httpProxy":"gateway.bns:8000"},"acceptInsecureCerts":true,"acceptSslCerts":true}'></parameter>
        <groups>
            <run>
                <include name="@EH-706" />
            </run>
        </groups>
        <classes>
            <!--<class
                    name="com.qmetry.qaf.automation.step.client.gherkin.GherkinScenarioFactory" />-->
            <class
                    name="com.quantum.utility.ScotiaGherkinScenarioFactory" />
        </classes>
    </test>
</suite>