<!DOCTYPE suite SYSTEM "http://testng.org/testng-1.0.dtd">
<!-- <suite name="eHome Suite" verbose="0" parallel="tests" thread-count="100"> -->
<suite name="eHome Suite" verbose="0" parallel="tests" thread-count="1">
    <listeners>
        <listener class-name="com.quantum.java.pages.ScotiaQuantumReportListener"/>
    </listeners>
    <test name="Sprint-005-ChromeTest-Functional" enabled="true">
        <!-- <parameter name="driver.capabilities.browserName" value="chrome"></parameter>
        <parameter name="driver.capabilities.platformName" value="Windows"></parameter> -->
        <parameter name="step.provider.pkg" value="com.scotiabank.ehome.ui.steps"></parameter>
        <parameter name="driver.capabilities.platformName" value="Windows"></parameter>
        <parameter name="driver.name" value="chromedriver"></parameter>
        <parameter name="webdriver.chrome.driver" value="./drivers/chrome/2.40/chromedriver.exe"></parameter>
        <parameter name="env.baseurl" value="https://ehome-ui-app-ist.apps.stg.azr-use2-pcf.cloud.bns/rate"></parameter>
         <parameter name="env.baseurl1" value="https://ehome-ui-app-ist.apps.stg.azr-use2-pcf.cloud.bns/new-home-section-breaker"></parameter>
        <groups>
            <run>
                <include name="@sprint005" />
            </run>
        </groups>
        <classes>
            <class
                    name="com.qmetry.qaf.automation.step.client.gherkin.GherkinScenarioFactory" />
        </classes>
    </test>
    <test name="Sprint-005-ChromeTest-Regression" enabled="true">
        <!-- <parameter name="driver.capabilities.browserName" value="chrome"></parameter>
        <parameter name="driver.capabilities.platformName" value="Windows"></parameter> -->
        <parameter name="step.provider.pkg" value="com.scotiabank.ehome.ui.steps"></parameter>
        <parameter name="driver.capabilities.platformName" value="Windows"></parameter>
        <parameter name="driver.name" value="chromedriver"></parameter>
        <parameter name="webdriver.chrome.driver" value="./drivers/chrome/2.40/chromedriver.exe"></parameter>
        <parameter name="env.baseurl" value="https://ehome-ui-app-ist.apps.stg.azr-use2-pcf.cloud.bns/rate"></parameter>
        <parameter name="env.baseurl1" value="https://ehome-ui-app-ist.apps.stg.azr-use2-pcf.cloud.bns/new-home-section-breaker"></parameter>
        <groups>
            <run>
                <include name="@Regression" />
            </run>
        </groups>
        <classes>
            <class
                    name="com.qmetry.qaf.automation.step.client.gherkin.GherkinScenarioFactory" />
        </classes>
    </test>
	<test name="Sprint-005-IETest-Functional" enabled="true">
        <!-- <parameter name="driver.capabilities.browserName" value="ie"></parameter> -->
        <parameter name="step.provider.pkg" value="com.scotiabank.ehome.ui.steps"></parameter>
        <parameter name="driver.capabilities.platformName" value="Windows"></parameter>
        <parameter name="driver.name" value="iExplorerDriver"></parameter>
        <parameter name="system.webdriver.ie.driver" value="./drivers/ie/2.53.1/IEDriverServer.exe"></parameter>
        <parameter name="env.baseurl" value="https://ehome-ui-app-ist.apps.stg.azr-use2-pcf.cloud.bns/rate"></parameter>
        <parameter name="env.baseurl1" value="https://ehome-ui-app-ist.apps.stg.azr-use2-pcf.cloud.bns/new-home-section-breaker"></parameter>
        <groups>
            <run>
                <include name="@sprint005" />
            </run>
        </groups>
        <classes>
            <class
                    name="com.qmetry.qaf.automation.step.client.gherkin.GherkinScenarioFactory" />
        </classes>
    </test>
	<test name="Sprint-005-IETest-Regression" enabled="true">
        <!-- <parameter name="driver.capabilities.browserName" value="ie"></parameter> -->
        <parameter name="step.provider.pkg" value="com.scotiabank.ehome.ui.steps"></parameter>
        <parameter name="driver.capabilities.platformName" value="Windows"></parameter>
        <parameter name="driver.name" value="iExplorerDriver"></parameter>
        <parameter name="system.webdriver.ie.driver" value="./drivers/ie/2.53.1/IEDriverServer.exe"></parameter>
        <parameter name="env.baseurl" value="https://ehome-ui-app-ist.apps.stg.azr-use2-pcf.cloud.bns/rate"></parameter>
        <parameter name="env.baseurl1" value="https://ehome-ui-app-ist.apps.stg.azr-use2-pcf.cloud.bns/new-home-section-breaker"></parameter>
        <groups>
            <run>
                <include name="@Regression" />
            </run>
        </groups>
        <classes>
            <class
                    name="com.qmetry.qaf.automation.step.client.gherkin.GherkinScenarioFactory" />
        </classes>
    </test>
</suite>
